{
  "baseline": 0.36666666666666664,
  "alpha_sweep": {
    "L8_\u03b10.05": 0.43333333333333335,
    "L8_\u03b10.1": 0.43333333333333335,
    "L8_\u03b10.2": 0.43333333333333335,
    "L8_\u03b10.5": 0.43333333333333335,
    "L8_\u03b11.0": 0.43333333333333335,
    "L10_\u03b10.05": 0.4666666666666667,
    "L10_\u03b10.1": 0.4666666666666667,
    "L10_\u03b10.2": 0.4666666666666667,
    "L10_\u03b10.5": 0.4666666666666667,
    "L10_\u03b11.0": 0.4666666666666667
  }
}