{
  "baseline": 0.36666666666666664,
  "L10": {
    "2.0": 0.4666666666666667,
    "3.0": 0.4666666666666667,
    "0.01": 0.4666666666666667,
    "0.001": 0.4666666666666667,
    "-0.05": 0.4666666666666667,
    "-0.1": 0.4666666666666667,
    "-0.2": 0.4666666666666667,
    "-0.5": 0.4666666666666667,
    "-1.0": 0.4666666666666667
  }
}