{
  "baseline": 0.43333333333333335,
  "model_path": "/run/media/filip/C27C20AB7C209C63/models/Qwen2.5-7B-Instruct",
  "Old_TT_L2": 0.43333333333333335,
  "Old_TT_L8": 0.43333333333333335,
  "Old_TT_L10": 0.5666666666666667,
  "New_TT_L2": 0.4,
  "New_TT_L8": 0.4666666666666667,
  "New_TT_L10": 0.5666666666666667
}