{
  "b0.0": 0.5,
  "b0.25": 0.4666666666666667,
  "b0.5": 0.43333333333333335,
  "b0.75": 0.4666666666666667,
  "b1.0": 0.43333333333333335
}