{
  "loop_baseline": 0.4666666666666667,
  "b0.75_s30": 0.6,
  "b0.75_s15": 0.43333333333333335,
  "b0.50_s30": 0.5666666666666667,
  "b1.0_s30": 0.5666666666666667,
  "b0.75_s40": 0.5
}