{
  "model": "Qwen2.5-7B",
  "n_trajectories": 91845,
  "per_layer": {
    "1": {
      "kappa": 0.9692178964614868,
      "kappa_std": 0.09427783638238907,
      "delta_acc_pp": 0
    },
    "2": {
      "kappa": 1.29742431640625,
      "kappa_std": 0.28124722838401794,
      "delta_acc_pp": 17
    },
    "3": {
      "kappa": 1.4344452619552612,
      "kappa_std": 0.22403877973556519,
      "delta_acc_pp": 13
    },
    "4": {
      "kappa": 1.482621192932129,
      "kappa_std": 0.18701022863388062,
      "delta_acc_pp": 7
    },
    "5": {
      "kappa": 1.5612618923187256,
      "kappa_std": 0.23849090933799744,
      "delta_acc_pp": 13
    },
    "6": {
      "kappa": 1.6848275661468506,
      "kappa_std": 0.19472305476665497,
      "delta_acc_pp": 0
    },
    "7": {
      "kappa": 1.5500738620758057,
      "kappa_std": 0.07570105791091919,
      "delta_acc_pp": -5
    },
    "8": {
      "kappa": 1.5651289224624634,
      "kappa_std": 0.07295894622802734,
      "delta_acc_pp": 20
    },
    "9": {
      "kappa": 1.5964710712432861,
      "kappa_std": 0.11403696238994598,
      "delta_acc_pp": -23
    },
    "10": {
      "kappa": 1.4921523332595825,
      "kappa_std": 0.06336794048547745,
      "delta_acc_pp": 17
    },
    "11": {
      "kappa": 1.479516625404358,
      "kappa_std": 0.059297673404216766,
      "delta_acc_pp": 0
    },
    "12": {
      "kappa": 1.5647796392440796,
      "kappa_std": 0.05738331377506256,
      "delta_acc_pp": 0
    },
    "13": {
      "kappa": 1.555627703666687,
      "kappa_std": 0.07216446101665497,
      "delta_acc_pp": 0
    },
    "14": {
      "kappa": 1.658422827720642,
      "kappa_std": 0.10716606676578522,
      "delta_acc_pp": 0
    },
    "15": {
      "kappa": 1.5258533954620361,
      "kappa_std": 0.07091355323791504,
      "delta_acc_pp": 0
    },
    "16": {
      "kappa": 1.510539174079895,
      "kappa_std": 0.09289970248937607,
      "delta_acc_pp": 0
    },
    "17": {
      "kappa": 1.5779615640640259,
      "kappa_std": 0.07863610982894897,
      "delta_acc_pp": 0
    },
    "18": {
      "kappa": 1.6888697147369385,
      "kappa_std": 0.0957721397280693,
      "delta_acc_pp": 0
    },
    "19": {
      "kappa": 1.63438081741333,
      "kappa_std": 0.1000257134437561,
      "delta_acc_pp": 0
    },
    "20": {
      "kappa": 1.4902650117874146,
      "kappa_std": 0.10526993870735168,
      "delta_acc_pp": 0
    },
    "21": {
      "kappa": 1.5634658336639404,
      "kappa_std": 0.12661772966384888,
      "delta_acc_pp": 0
    },
    "22": {
      "kappa": 1.4857293367385864,
      "kappa_std": 0.1316031664609909,
      "delta_acc_pp": 0
    },
    "23": {
      "kappa": 1.3939064741134644,
      "kappa_std": 0.1640632450580597,
      "delta_acc_pp": 0
    },
    "24": {
      "kappa": 1.2948236465454102,
      "kappa_std": 0.13140544295310974,
      "delta_acc_pp": -10
    },
    "25": {
      "kappa": 1.3981629610061646,
      "kappa_std": 0.26959753036499023,
      "delta_acc_pp": 0
    },
    "26": {
      "kappa": 1.524559497833252,
      "kappa_std": 0.17246223986148834,
      "delta_acc_pp": 0
    }
  },
  "correlation_all": -0.08754535820764404,
  "correlation_sig": -0.484069350884777,
  "l8_vs_l9": {
    "kappa_l8": 1.5651289224624634,
    "kappa_l9": 1.5964710712432861,
    "ordered_correctly": true
  }
}