{
  "curvature_kappa": {
    "0": 0.9690021276473999,
    "1": 1.309791922569275,
    "2": 1.4263463020324707,
    "3": 1.4821754693984985,
    "4": 1.5661251544952393,
    "5": 1.6809757947921753,
    "6": 1.5488812923431396,
    "7": 1.5636025667190552,
    "8": 1.5952997207641602,
    "9": 1.4914281368255615,
    "10": 1.4799624681472778,
    "11": 1.5659451484680176,
    "12": 1.5558671951293945,
    "13": 1.661919116973877,
    "14": 1.5270373821258545,
    "15": 1.51026451587677,
    "16": 1.57627272605896,
    "17": 1.690259575843811,
    "18": 1.6353869438171387,
    "19": 1.4908671379089355,
    "20": 1.5638995170593262,
    "21": 1.4846986532211304,
    "22": 1.390570044517517,
    "23": 1.2921546697616577,
    "24": 1.3952116966247559,
    "25": 1.529896855354309,
    "26": 2.999340295791626
  },
  "attention_gain": {
    "0": 13.618687629699707,
    "1": 0.633119523525238,
    "2": 0.5058790445327759,
    "3": 0.43652597069740295,
    "4": 0.41880637407302856,
    "5": 0.44166329503059387,
    "6": 0.5208970904350281,
    "7": 0.4807170629501343,
    "8": 0.4852190613746643,
    "9": 0.44554296135902405,
    "10": 0.39471328258514404,
    "11": 0.37107136845588684,
    "12": 0.3688473701477051,
    "13": 0.36849740147590637,
    "14": 0.40267011523246765,
    "15": 0.36804521083831787,
    "16": 0.34821683168411255,
    "17": 0.36695384979248047,
    "18": 0.4153841733932495,
    "19": 0.48870500922203064,
    "20": 0.47027119994163513,
    "21": 0.5104007124900818,
    "22": 0.49410656094551086,
    "23": 0.4802567660808563,
    "24": 0.4520856440067291,
    "25": 0.4484425485134125,
    "26": 0.4918043911457062,
    "27": 0.9524442553520203
  },
  "per_layer_r2": {
    "0": 0.392306923866272,
    "1": 0.4717326760292053,
    "2": 0.6795836091041565,
    "3": 0.8200374841690063,
    "4": 0.8363037705421448,
    "5": 0.6972724795341492,
    "6": 0.7746326923370361,
    "7": 0.9130226373672485,
    "8": 0.89369797706604,
    "9": 0.7810304760932922,
    "10": 0.8651336431503296,
    "11": 0.9053772687911987,
    "12": 0.9025142192840576,
    "13": 0.8854416012763977,
    "14": 0.7944722771644592,
    "15": 0.8730840682983398,
    "16": 0.9006062746047974,
    "17": 0.9293336868286133,
    "18": 0.8911877274513245,
    "19": 0.698695719242096,
    "20": 0.8826432228088379,
    "21": 0.7603217363357544,
    "22": 0.831216037273407,
    "23": 0.6071377992630005,
    "24": 0.4826506972312927,
    "25": 0.6712081432342529,
    "26": 0.46440333127975464,
    "27": -0.8390566110610962
  },
  "spi": {
    "0": 13.196537288944342,
    "1": 0.8292548379342648,
    "2": 0.7215587044450444,
    "3": 0.6470080855230584,
    "4": 0.6559031972987128,
    "5": 0.7424253083945835,
    "6": 0.8068077586107876,
    "7": 0.7516504334944756,
    "8": 0.7740698331204499,
    "9": 0.6644953087354324,
    "10": 0.5841608439052237,
    "11": 0.5810774091688842,
    "12": 0.5738775232225635,
    "13": 0.6124128760680065,
    "14": 0.6148923186249036,
    "15": 0.5558456221674959,
    "16": 0.5488846945383301,
    "17": 0.6202472585044916,
    "18": 0.6793138538355947,
    "19": 0.7285942383806088,
    "20": 0.735456902475633,
    "21": 0.7577912504371298,
    "22": 0.6870897824503963,
    "23": 0.6205660229760106,
    "24": 0.6307551783943239,
    "25": 0.6860708447777419,
    "26": 1.4750887280105829
  },
  "velocity_r2": 0.855,
  "acceleration_r2": 0.0,
  "steering_causality_cs": 0.0,
  "layer_delta_correlation": {
    "spearman_r": 0.4613428513813484
  }
}