{
  "baseline": 0.36666666666666664,
  "prompt_L2_only": 0.43333333333333335,
  "prompt_L2_refresh5": 0.43333333333333335,
  "prompt_L2_refresh10": 0.43333333333333335,
  "prompt_L2_refresh20": 0.43333333333333335,
  "per_token_L8_only": 0.43333333333333335,
  "pos_25pct": 0.43333333333333335,
  "pos_50pct": 0.43333333333333335,
  "pos_75pct": 0.4,
  "pos_100pct": 0.4
}