{
  "baseline": 0.36666666666666664,
  "steps_40": 0.5,
  "steps_50": 0.4666666666666667,
  "clone_only": 0.4666666666666667,
  "loop_bare": 0.4666666666666667
}