{
  "baseline": 0.36666666666666664,
  "per_token": 0.4666666666666667,
  "prompt_inject": 0.43333333333333335
}