{
  "baseline": 0.36666666666666664,
  "L2_only": 0.4,
  "L8_only": 0.3333333333333333,
  "L10_only": 0.4666666666666667,
  "L10_early_L8_mid_L2_late": 0.4666666666666667,
  "L2_early_L8_mid_L10_late": 0.36666666666666664,
  "L10_only_first30_then_off": 0.5333333333333333,
  "L10_1-10_L2_11-20_L8_21-30": 0.4666666666666667,
  "L10+L2_alternate": 0.5
}