{
  "baseline": 0.36666666666666664,
  "L10_only_30_then_off": 0.5333333333333333,
  "L10_L2_alternate_30": 0.5,
  "L10+L2_both_all": 0.36666666666666664,
  "L10+L2_both_30": 0.5333333333333333
}