{
  "baseline": 0.26666666666666666,
  "L0": 0.06666666666666667,
  "L1": 0.06666666666666667,
  "L2": 0.13333333333333333,
  "L3": 0.2,
  "L4": 0.06666666666666667,
  "L5": 0.2,
  "L6": 0.2,
  "L7": 0.13333333333333333,
  "L8": 0.3333333333333333,
  "L9": 0.13333333333333333,
  "L10": 0.13333333333333333,
  "L11": 0.0,
  "L12": 0.0,
  "L13": 0.2,
  "L14": 0.13333333333333333,
  "L15": 0.3333333333333333,
  "L16": 0.06666666666666667,
  "L17": 0.13333333333333333,
  "L18": 0.2,
  "L19": 0.13333333333333333,
  "L20": 0.26666666666666666,
  "L21": 0.13333333333333333,
  "L22": 0.13333333333333333,
  "L23": 0.06666666666666667,
  "L24": 0.13333333333333333,
  "L25": 0.13333333333333333,
  "L26": 0.0,
  "L27": 0.2,
  "L28": 0.13333333333333333,
  "L29": 0.26666666666666666,
  "L30": 0.06666666666666667,
  "L31": 0.06666666666666667,
  "L32": 0.06666666666666667,
  "L33": 0.13333333333333333
}