{
  "baseline": 0.26666666666666666,
  "L8_b0.25": 0.3333333333333333,
  "L8_b0.5": 0.3333333333333333,
  "L8_b0.75": 0.3333333333333333,
  "L8_b1.0": 0.3333333333333333,
  "L15_b0.25": 0.26666666666666666,
  "L15_b0.5": 0.26666666666666666,
  "L15_b0.75": 0.26666666666666666,
  "L15_b1.0": 0.3333333333333333
}