{
  "baseline": 0.2,
  "L0_h23": 0.26666666666666666,
  "L1_h23": 0.0,
  "L2_h23": 0.4,
  "L3_h23": 0.3333333333333333,
  "L4_h23": 0.26666666666666666,
  "L5_h23": 0.2,
  "L6_h23": 0.26666666666666666,
  "L7_h23": 0.3333333333333333,
  "L8_h23": 0.3333333333333333,
  "L9_h23": 0.26666666666666666,
  "L10_h23": 0.4666666666666667,
  "L11_h23": 0.3333333333333333,
  "L12_h23": 0.3333333333333333,
  "L13_h23": 0.2,
  "L14_h23": 0.26666666666666666,
  "L15_h23": 0.26666666666666666,
  "L16_h23": 0.26666666666666666,
  "L17_h23": 0.2,
  "L18_h23": 0.2,
  "L19_h23": 0.26666666666666666,
  "L20_h23": 0.3333333333333333,
  "L21_h23": 0.13333333333333333,
  "L22_h23": 0.3333333333333333,
  "L23_h23": 0.26666666666666666,
  "L24_h23": 0.0,
  "L25_h23": 0.3333333333333333,
  "L26_h23": 0.13333333333333333,
  "L27_h23": 0.3333333333333333,
  "L10_h23_b0.0": 0.3333333333333333,
  "L10_h23_b0.25": 0.4,
  "L10_h23_b0.5": 0.4,
  "L10_h23_b0.75": 0.4666666666666667,
  "L10_h23_b1.0": 0.4666666666666667
}