{
  "baseline": 0.36666666666666664,
  "L2_h23": 0.43333333333333335,
  "L10_h23": 0.5666666666666667,
  "L3_h23": 0.4666666666666667,
  "L7_h23": 0.4,
  "L8_h23": 0.5,
  "L11_h23": 0.4,
  "L12_h23": 0.43333333333333335,
  "L20_h23": 0.4666666666666667,
  "L22_h23": 0.3333333333333333,
  "L25_h23": 0.5333333333333333,
  "L27_h23": 0.36666666666666664,
  "L10_b0.0": 0.43333333333333335,
  "L10_b0.25": 0.5333333333333333,
  "L10_b0.5": 0.5333333333333333,
  "L10_b0.75": 0.5666666666666667,
  "L10_b1.0": 0.5666666666666667
}