{
  "L20": {
    "correct": 10,
    "total": 30,
    "accuracy": 0.3333333333333333
  },
  "L22": {
    "correct": 8,
    "total": 30,
    "accuracy": 0.26666666666666666
  },
  "L23": {
    "correct": 5,
    "total": 30,
    "accuracy": 0.16666666666666666
  },
  "L25": {
    "correct": 0,
    "total": 30,
    "accuracy": 0.0
  },
  "L26": {
    "correct": 0,
    "total": 30,
    "accuracy": 0.0
  }
}