{
  "model": "Qwen2.5-7B",
  "alpha": 0.1,
  "layer_deltas": {
    "0": -0.019287109375,
    "1": -0.0177001953125,
    "2": -0.018310546875,
    "3": -0.02294921875,
    "4": -0.0203857421875,
    "5": -0.0147705078125,
    "6": -0.01239013671875,
    "7": -0.0228271484375,
    "8": -0.020263671875,
    "9": -0.0247802734375,
    "10": -0.0223388671875,
    "11": -0.0233154296875,
    "12": -0.026123046875,
    "13": -0.0233154296875,
    "14": -0.0238037109375,
    "15": -0.02978515625,
    "16": -0.041259765625,
    "17": -0.017578125,
    "18": -0.020751953125,
    "19": -0.01611328125,
    "20": 0.027587890625,
    "21": 0.0279541015625,
    "22": 0.2216796875,
    "23": 0.294921875,
    "24": 0.3125,
    "25": 0.92578125,
    "26": 1.5234375
  },
  "correlation_all": -0.11611662893782011
}