{
  "baseline": 0.36666666666666664,
  "L3": 0.5,
  "L8": 0.4666666666666667,
  "L10": 0.6,
  "L20": 0.43333333333333335,
  "L25": 0.5,
  "L3+L8": 0.4666666666666667,
  "L3+L10": 0.4666666666666667,
  "L3+L20": 0.5,
  "L3+L25": 0.4,
  "L8+L10": 0.4,
  "L8+L20": 0.5,
  "L8+L25": 0.4,
  "L10+L20": 0.5333333333333333,
  "L10+L25": 0.5666666666666667,
  "L20+L25": 0.4666666666666667
}