{
  "baseline": 0.36666666666666664,
  "L10_b1": 0.5666666666666667,
  "L25_b1": 0.5,
  "L10_b0.75": 0.6,
  "L25_b0.75": 0.3333333333333333,
  "L10_b1+L25_b0.75": 0.5333333333333333,
  "L10_b1+L25_b0.5": 0.4666666666666667,
  "L10_b1+L25_b0.25": 0.4666666666666667,
  "L10_b0.75+L25_b1": 0.5666666666666667,
  "L10_b0.75+L25_b0.5": 0.4666666666666667,
  "L10_b0.5+L25_b1": 0.6,
  "L10_b0.5+L25_b0.5": 0.4666666666666667,
  "L10_b0.25+L25_b1": 0.5666666666666667
}