{
  "full_r2": 0.8927963786506554,
  "norm_r2": 0.9868918681448174,
  "directional_r2": 0.9996844227716792,
  "pred_true_cos_sim": 0.8848174810409546,
  "norm_model_r2": 0.0072318071711000576,
  "random_direction_r2": -0.9195402171812892
}