{
  "baseline": 0.36666666666666664,
  "TT_velocity": 0.4666666666666667,
  "random_vec": 0.5333333333333333,
  "zero_vec": 0.5333333333333333,
  "h_input_vec": 0.5
}