{
  "pca": {
    "dims_90": 688,
    "dims_95": 1025,
    "dims_99": 1025,
    "n_components": 1024
  },
  "layer_std": {
    "L0": 0.20895756781101227,
    "L1": 0.13429750502109528,
    "L2": 0.15201014280319214,
    "L3": 0.16484422981739044,
    "L4": 0.17979981005191803,
    "L5": 0.2102554440498352,
    "L6": 0.2831682562828064,
    "L7": 0.3064388930797577,
    "L8": 0.33438944816589355,
    "L9": 0.3322358727455139,
    "L10": 0.3139399290084839,
    "L11": 0.30146366357803345,
    "L12": 0.3107619285583496,
    "L13": 0.32182976603507996,
    "L14": 0.36780765652656555,
    "L15": 0.36910733580589294,
    "L16": 0.3777315318584442,
    "L17": 0.4268997013568878,
    "L18": 0.5245139598846436,
    "L19": 0.6668815016746521,
    "L20": 0.7758175730705261,
    "L21": 0.9775347113609314,
    "L22": 1.1745076179504395,
    "L23": 1.3616738319396973,
    "L24": 1.585590124130249,
    "L25": 1.946550965309143,
    "L26": 2.624616861343384,
    "L27": 6.338387966156006
  },
  "layer_imbalance_ratio": 0.12830372367008183,
  "awq_shift": {
    "mean_diff_ratio": 0.28956492531154276,
    "layer_shift_magnitudes": [
      0.06531528383493423,
      1.2175297737121582,
      2.996184825897217,
      3.5204484462738037,
      4.63958215713501,
      11.331369400024414,
      10.170701026916504,
      10.65536117553711,
      9.932241439819336,
      9.989908218383789,
      10.535982131958008,
      10.222183227539062,
      10.275616645812988,
      10.397308349609375,
      10.91551685333252,
      11.620515823364258,
      13.509903907775879,
      14.781493186950684,
      15.208433151245117,
      17.418907165527344,
      24.2889404296875,
      28.22768783569336,
      36.3094482421875,
      41.67786407470703,
      50.824703216552734,
      57.878971099853516,
      62.66743850708008,
      68.74137115478516
    ]
  },
  "awq_affine_r2": -177.38836669921875,
  "noise_ceiling": {
    "val_r2": 0.7224198187518758,
    "val_cos": 0.4287014305591583,
    "n_train": 1600,
    "n_val": 400
  }
}