{
  "baseline": 0.36666666666666664,
  "all_heads": 0.5333333333333333,
  "head_0_only": 0.4,
  "head_1_only": 0.43333333333333335,
  "head_2_only": 0.43333333333333335,
  "head_3_only": 0.4666666666666667,
  "heads_01": 0.43333333333333335,
  "heads_02": 0.36666666666666664,
  "heads_03": 0.5,
  "heads_12": 0.36666666666666664,
  "heads_13": 0.4666666666666667,
  "heads_23": 0.5666666666666667,
  "all_except_0": 0.4666666666666667,
  "all_except_1": 0.43333333333333335,
  "all_except_2": 0.5,
  "all_except_3": 0.4
}