{
  "baseline": 0.36666666666666664,
  "L2_replace": 0.36666666666666664,
  "L5_replace": 0.4,
  "L8_replace": 0.3,
  "L9_replace": 0.03333333333333333,
  "L10_replace": 0.5333333333333333
}