{
  "loop_baseline": 0.4666666666666667,
  "correct_kv": 0.6,
  "random_kv": 0.26666666666666666,
  "correct_kv_15t": 0.43333333333333335
}