{
  "baseline": 0.36666666666666664,
  "standard_L10": 0.4666666666666667,
  "retro_L10_at_L9": 0.0,
  "retro_L9_at_L9": 0.0
}