{
  "baseline": 0.2,
  "L2_std": 0.26666666666666666,
  "L2_retro_L5": 0.0,
  "L8_std": 0.13333333333333333,
  "L8_retro_L10": 0.0
}