{
  "config": {
    "r": 8,
    "alpha": 8.0,
    "n_latents": 16,
    "d_latent": 32,
    "d_key": 64,
    "top_m": 4
  },
  "segments": [
    {
      "segment": 1,
      "training_loss": 7.945703172683716,
      "training_ppl": 2823.417113338858,
      "expert_count": 1,
      "eval_loss": 8.215716361999512,
      "eval_ppl": 3698.6248300749794
    }
  ],
  "final_eval": {}
}