{
  "model": "Qwen3.5-0.8B",
  "attention_gains": {
    "3": 0.9084375,
    "7": 0.83125,
    "11": 0.88390625,
    "15": 0.938828125,
    "19": 0.9515625,
    "23": 0.808359375
  },
  "kappa": {
    "1": 1.1061986684799194,
    "2": 1.645007848739624,
    "3": 1.7053850889205933,
    "4": 1.5604047775268555,
    "5": 1.5609104633331299,
    "6": 1.6015944480895996,
    "7": 1.7550338506698608,
    "8": 1.4308733940124512,
    "9": 1.5672475099563599,
    "10": 1.6907296180725098,
    "11": 1.8158483505249023,
    "12": 1.4000930786132812,
    "13": 1.6300016641616821,
    "14": 1.8460205793380737,
    "15": 1.9154561758041382,
    "16": 1.2600436210632324,
    "17": 1.3466721773147583,
    "18": 1.5101604461669922,
    "19": 1.8754123449325562,
    "20": 1.2033601999282837,
    "21": 1.4979902505874634,
    "22": 1.8686720132827759
  },
  "spi_fa": {
    "3": 0.45951424496790133,
    "7": 0.41152281967534,
    "11": 0.42639107302846585,
    "15": 0.4344856526517078,
    "19": 0.44771745943792607
  },
  "correlation": 0.053129991172822764
}