{
  "baseline": {
    "correct": 16,
    "total": 30,
    "per_problem": [
      1,
      1,
      0,
      1,
      1,
      0,
      1,
      0,
      0,
      1,
      1,
      1,
      1,
      0,
      1,
      0,
      1,
      0,
      0,
      0,
      1,
      0,
      1,
      0,
      0,
      1,
      1,
      0,
      1,
      0
    ],
    "accuracy": 0.5333333333333333
  },
  "L2": {
    "correct": 23,
    "total": 30,
    "per_problem": [
      1,
      1,
      0,
      1,
      1,
      0,
      1,
      1,
      1,
      1,
      1,
      1,
      0,
      1,
      1,
      1,
      1,
      0,
      0,
      1,
      1,
      1,
      1,
      0,
      1,
      1,
      1,
      0,
      1,
      1
    ],
    "accuracy": 0.7666666666666667
  },
  "L3": {
    "correct": 20,
    "total": 30,
    "per_problem": [
      1,
      1,
      0,
      1,
      1,
      0,
      1,
      1,
      1,
      1,
      1,
      1,
      0,
      1,
      1,
      1,
      1,
      0,
      0,
      0,
      0,
      1,
      1,
      0,
      0,
      1,
      1,
      0,
      1,
      1
    ],
    "accuracy": 0.6666666666666666
  },
  "L5": {
    "correct": 21,
    "total": 30,
    "per_problem": [
      1,
      1,
      0,
      1,
      1,
      0,
      1,
      0,
      1,
      1,
      1,
      1,
      0,
      1,
      1,
      0,
      1,
      0,
      0,
      1,
      1,
      1,
      1,
      0,
      1,
      1,
      1,
      0,
      1,
      1
    ],
    "accuracy": 0.7
  },
  "L8": {
    "correct": 19,
    "total": 30,
    "per_problem": [
      1,
      1,
      0,
      1,
      1,
      0,
      1,
      0,
      0,
      1,
      1,
      1,
      0,
      1,
      1,
      1,
      1,
      0,
      0,
      0,
      1,
      1,
      1,
      0,
      1,
      1,
      1,
      0,
      1,
      0
    ],
    "accuracy": 0.6333333333333333
  },
  "L10": {
    "correct": 19,
    "total": 30,
    "per_problem": [
      1,
      1,
      0,
      1,
      1,
      0,
      1,
      0,
      1,
      1,
      1,
      1,
      0,
      1,
      1,
      0,
      1,
      0,
      0,
      0,
      1,
      1,
      1,
      0,
      1,
      1,
      1,
      0,
      1,
      0
    ],
    "accuracy": 0.6333333333333333
  },
  "L11": {
    "correct": 16,
    "total": 30,
    "per_problem": [
      1,
      1,
      0,
      1,
      1,
      0,
      1,
      1,
      0,
      1,
      1,
      1,
      0,
      1,
      1,
      0,
      1,
      0,
      0,
      0,
      0,
      0,
      1,
      0,
      0,
      1,
      0,
      0,
      1,
      1
    ],
    "accuracy": 0.5333333333333333
  },
  "L12": {
    "correct": 19,
    "total": 30,
    "per_problem": [
      1,
      1,
      0,
      0,
      1,
      0,
      1,
      0,
      1,
      1,
      1,
      1,
      0,
      0,
      1,
      1,
      1,
      0,
      0,
      0,
      1,
      1,
      1,
      0,
      1,
      1,
      1,
      0,
      1,
      1
    ],
    "accuracy": 0.6333333333333333
  },
  "L13": {
    "correct": 21,
    "total": 30,
    "per_problem": [
      1,
      1,
      0,
      1,
      1,
      0,
      1,
      1,
      1,
      1,
      1,
      1,
      0,
      0,
      1,
      1,
      1,
      0,
      0,
      1,
      1,
      0,
      1,
      0,
      1,
      1,
      1,
      0,
      1,
      1
    ],
    "accuracy": 0.7
  },
  "L14": {
    "correct": 18,
    "total": 30,
    "per_problem": [
      1,
      1,
      0,
      1,
      1,
      0,
      1,
      0,
      0,
      1,
      1,
      1,
      0,
      0,
      1,
      1,
      1,
      0,
      0,
      0,
      1,
      1,
      1,
      0,
      1,
      1,
      0,
      0,
      1,
      1
    ],
    "accuracy": 0.6
  },
  "L17": {
    "correct": 23,
    "total": 30,
    "per_problem": [
      1,
      1,
      0,
      1,
      1,
      0,
      1,
      1,
      1,
      1,
      1,
      1,
      0,
      1,
      1,
      1,
      1,
      0,
      0,
      1,
      1,
      1,
      1,
      0,
      1,
      1,
      1,
      0,
      1,
      1
    ],
    "accuracy": 0.7666666666666667
  },
  "L20": {
    "correct": 20,
    "total": 30,
    "per_problem": [
      1,
      1,
      0,
      1,
      1,
      0,
      1,
      1,
      0,
      1,
      1,
      1,
      0,
      1,
      1,
      1,
      1,
      0,
      0,
      0,
      1,
      0,
      1,
      1,
      0,
      1,
      1,
      0,
      1,
      1
    ],
    "accuracy": 0.6666666666666666
  }
}