{
  "baseline": 0.36666666666666664,
  "L10_only": 0.6,
  "L25_only": 0.3333333333333333,
  "L10_1-15_L25_16-30": 0.5,
  "L25_1-15_L10_16-30": 0.43333333333333335,
  "L10_1-10_L25_11-30": 0.5,
  "L10_1-20_L25_21-30": 0.43333333333333335
}