{
  "baseline": 0.36666666666666664,
  "steps_0": 0.4666666666666667,
  "steps_5": 0.4666666666666667,
  "steps_10": 0.43333333333333335,
  "steps_15": 0.43333333333333335,
  "steps_20": 0.4666666666666667,
  "steps_25": 0.5333333333333333,
  "steps_30": 0.6
}