{
  "best_test_mse": 0.006423260550945997,
  "zero_mse": 0.01697203889489174,
  "r_squared": 0.6215386618705383,
  "cosine": 0.7879786491394043
}