{
  "baseline": 0.36666666666666664,
  "results": {
    "baseline": 0.36666666666666664,
    "L2": 0.4,
    "L5": 0.43333333333333335,
    "L8": 0.26666666666666666,
    "L9": 0.0,
    "L10": 0.4666666666666667
  },
  "alpha": 0.1,
  "n_test": 30,
  "tt_r2": 0.9,
  "model": "d1536_cosine",
  "quant": "awq"
}