{
  "baseline": 0.36666666666666664,
  "L10_v_L1": 0.4666666666666667,
  "L10_v_L2": 0.43333333333333335,
  "L10_v_L3": 0.4666666666666667,
  "L10_v_L4": 0.4666666666666667,
  "L10_v_L5": 0.4666666666666667,
  "L10_v_L6": 0.4666666666666667,
  "L10_v_L7": 0.4666666666666667,
  "L10_v_L8": 0.4666666666666667,
  "L10_v_L10+L2": 0.43333333333333335,
  "L10_v_L10+L8": 0.43333333333333335,
  "L10_v_L10+L9": 0.4666666666666667
}