{
  "config": {
    "rank": 8,
    "steps": 20,
    "n_test": 5
  },
  "per_text": [
    {
      "sgd_final": 2.083500862121582,
      "flow": 3.3103995323181152,
      "zero": 3.313455104827881,
      "sgd_trajectory": [
        3.313455104827881,
        3.078883409500122,
        2.9789981842041016,
        2.903810977935791,
        2.846710681915283,
        2.791811227798462,
        2.73899507522583,
        2.6914236545562744,
        2.640789270401001,
        2.594062089920044,
        2.5503594875335693,
        2.5010147094726562,
        2.4567718505859375,
        2.4132256507873535,
        2.370393753051758,
        2.3234262466430664,
        2.274768829345703,
        2.2254576683044434,
        2.1815311908721924,
        2.1332743167877197
      ],
      "sgd_first": 3.313455104827881,
      "text_id": 15
    },
    {
      "sgd_final": 1.9953200817108154,
      "flow": 3.013489007949829,
      "zero": 3.0152833461761475,
      "sgd_trajectory": [
        3.0152833461761475,
        2.8649630546569824,
        2.784769058227539,
        2.7136025428771973,
        2.6627094745635986,
        2.608766794204712,
        2.5599896907806396,
        2.5115654468536377,
        2.4638900756835938,
        2.4214601516723633,
        2.3767478466033936,
        2.332785129547119,
        2.2910916805267334,
        2.2504475116729736,
        2.2109131813049316,
        2.1757872104644775,
        2.1369833946228027,
        2.1007120609283447,
        2.0650644302368164,
        2.0294594764709473
      ],
      "sgd_first": 3.0152833461761475,
      "text_id": 16
    },
    {
      "sgd_final": 1.5860490798950195,
      "flow": 2.588160991668701,
      "zero": 2.5876059532165527,
      "sgd_trajectory": [
        2.5876059532165527,
        2.47135066986084,
        2.386540412902832,
        2.318476915359497,
        2.2588038444519043,
        2.206413507461548,
        2.1554434299468994,
        2.110165596008301,
        2.0636818408966064,
        2.0214743614196777,
        1.9808571338653564,
        1.93683660030365,
        1.8933665752410889,
        1.8536039590835571,
        1.8129329681396484,
        1.7758679389953613,
        1.7394921779632568,
        1.6993821859359741,
        1.662104606628418,
        1.6220189332962036
      ],
      "sgd_first": 2.5876059532165527,
      "text_id": 17
    },
    {
      "sgd_final": 1.6953346729278564,
      "flow": 2.7543094158172607,
      "zero": 2.757335662841797,
      "sgd_trajectory": [
        2.757335662841797,
        2.607598304748535,
        2.500694751739502,
        2.4258928298950195,
        2.366142988204956,
        2.3117122650146484,
        2.2595624923706055,
        2.211216449737549,
        2.163982391357422,
        2.116572141647339,
        2.0730631351470947,
        2.0313467979431152,
        1.9881691932678223,
        1.949161410331726,
        1.9133919477462769,
        1.879011631011963,
        1.8402246236801147,
        1.803100824356079,
        1.7697577476501465,
        1.7340826988220215
      ],
      "sgd_first": 2.757335662841797,
      "text_id": 18
    },
    {
      "sgd_final": 1.7852243185043335,
      "flow": 2.7913219928741455,
      "zero": 2.7901933193206787,
      "sgd_trajectory": [
        2.7901933193206787,
        2.6020050048828125,
        2.5173492431640625,
        2.4548261165618896,
        2.3986587524414062,
        2.3471245765686035,
        2.3016417026519775,
        2.2536916732788086,
        2.2136950492858887,
        2.1777453422546387,
        2.1402132511138916,
        2.104720115661621,
        2.0705201625823975,
        2.034240245819092,
        1.9993518590927124,
        1.9627586603164673,
        1.9285157918930054,
        1.8946685791015625,
        1.8598474264144897,
        1.8210251331329346
      ],
      "sgd_first": 2.7901933193206787,
      "text_id": 19
    }
  ],
  "summary": {
    "sgd_mean": 1.8290858030319215,
    "flow_mean": 2.8915361881256105,
    "zero_mean": 2.8927746772766114
  }
}