{
  "config": {
    "rank": 8,
    "steps": 20,
    "n_test": 5
  },
  "per_text": [
    {
      "sgd_final": 2.0816762447357178,
      "flow": 3.3117523193359375,
      "zero": 3.313455104827881,
      "sgd_trajectory": [
        3.313455104827881,
        3.115069627761841,
        2.993212938308716,
        2.9131557941436768,
        2.844686985015869,
        2.791605234146118,
        2.738668203353882,
        2.6897406578063965,
        2.6361682415008545,
        2.5866036415100098,
        2.5401241779327393,
        2.4898667335510254,
        2.444636821746826,
        2.394227981567383,
        2.3485052585601807,
        2.2989370822906494,
        2.2547218799591064,
        2.210047483444214,
        2.1701016426086426,
        2.1260244846343994
      ],
      "sgd_first": 3.313455104827881,
      "text_id": 15
    },
    {
      "sgd_final": 2.0010595321655273,
      "flow": 3.0149893760681152,
      "zero": 3.0152833461761475,
      "sgd_trajectory": [
        3.0152833461761475,
        2.8629419803619385,
        2.785127878189087,
        2.721548318862915,
        2.665205955505371,
        2.6106903553009033,
        2.564194679260254,
        2.515531301498413,
        2.4673750400543213,
        2.4262943267822266,
        2.382370710372925,
        2.343421220779419,
        2.3048617839813232,
        2.2686965465545654,
        2.229585886001587,
        2.1922190189361572,
        2.156024932861328,
        2.1208839416503906,
        2.0820696353912354,
        2.0433549880981445
      ],
      "sgd_first": 3.0152833461761475,
      "text_id": 16
    },
    {
      "sgd_final": 1.5061711072921753,
      "flow": 2.587292194366455,
      "zero": 2.5876059532165527,
      "sgd_trajectory": [
        2.5876059532165527,
        2.442351818084717,
        2.360950231552124,
        2.294645309448242,
        2.2315785884857178,
        2.1700336933135986,
        2.118133544921875,
        2.069999933242798,
        2.020578622817993,
        1.9722315073013306,
        1.9224027395248413,
        1.8825286626815796,
        1.8371429443359375,
        1.794970154762268,
        1.7546815872192383,
        1.7157261371612549,
        1.6705291271209717,
        1.6318495273590088,
        1.5915979146957397,
        1.548569917678833
      ],
      "sgd_first": 2.5876059532165527,
      "text_id": 17
    },
    {
      "sgd_final": 1.6771925687789917,
      "flow": 2.7544548511505127,
      "zero": 2.757335662841797,
      "sgd_trajectory": [
        2.757335662841797,
        2.5841000080108643,
        2.4802303314208984,
        2.409376621246338,
        2.348118782043457,
        2.2888495922088623,
        2.232703685760498,
        2.1858103275299072,
        2.140035629272461,
        2.0975024700164795,
        2.056589126586914,
        2.015657663345337,
        1.9736758470535278,
        1.9369562864303589,
        1.9035784006118774,
        1.8681600093841553,
        1.831825852394104,
        1.7913323640823364,
        1.7533438205718994,
        1.714399814605713
      ],
      "sgd_first": 2.757335662841797,
      "text_id": 18
    },
    {
      "sgd_final": 1.7973313331604004,
      "flow": 2.7908172607421875,
      "zero": 2.7901933193206787,
      "sgd_trajectory": [
        2.7901933193206787,
        2.604344606399536,
        2.516019821166992,
        2.4498345851898193,
        2.391089916229248,
        2.3411872386932373,
        2.2933621406555176,
        2.2483537197113037,
        2.2064688205718994,
        2.1725478172302246,
        2.13759183883667,
        2.1000962257385254,
        2.0665979385375977,
        2.037252902984619,
        2.00183367729187,
        1.97211492061615,
        1.9392390251159668,
        1.9066855907440186,
        1.871057152748108,
        1.8351280689239502
      ],
      "sgd_first": 2.7901933193206787,
      "text_id": 19
    }
  ],
  "summary": {
    "sgd_mean": 1.8126861572265625,
    "flow_mean": 2.8918612003326416,
    "zero_mean": 2.8927746772766114
  }
}