{
  "config": {
    "rank": 8,
    "steps": 20,
    "n_test": 5
  },
  "per_text": [
    {
      "sgd_final": 2.080310821533203,
      "flow": 3.312649726867676,
      "zero": 3.313455104827881,
      "sgd_trajectory": [
        3.313455104827881,
        3.096689462661743,
        2.971705675125122,
        2.8987982273101807,
        2.8310227394104004,
        2.7725093364715576,
        2.7210748195648193,
        2.6693577766418457,
        2.6140036582946777,
        2.5677220821380615,
        2.518439292907715,
        2.472557306289673,
        2.4256370067596436,
        2.38383150100708,
        2.3403608798980713,
        2.2970564365386963,
        2.2530014514923096,
        2.2078564167022705,
        2.1627156734466553,
        2.1217005252838135
      ],
      "sgd_first": 3.313455104827881,
      "text_id": 15
    },
    {
      "sgd_final": 2.0315465927124023,
      "flow": 3.0150020122528076,
      "zero": 3.0152833461761475,
      "sgd_trajectory": [
        3.0152833461761475,
        2.8624422550201416,
        2.791175603866577,
        2.7331902980804443,
        2.6737325191497803,
        2.624723434448242,
        2.577131748199463,
        2.5350534915924072,
        2.4890260696411133,
        2.443354606628418,
        2.403979539871216,
        2.3651227951049805,
        2.324413776397705,
        2.2851498126983643,
        2.2461886405944824,
        2.2118351459503174,
        2.175701379776001,
        2.137521982192993,
        2.101142168045044,
        2.0639636516571045
      ],
      "sgd_first": 3.0152833461761475,
      "text_id": 16
    },
    {
      "sgd_final": 1.5297514200210571,
      "flow": 2.5898618698120117,
      "zero": 2.5876059532165527,
      "sgd_trajectory": [
        2.5876059532165527,
        2.4606456756591797,
        2.370708703994751,
        2.3025739192962646,
        2.249302864074707,
        2.1925251483917236,
        2.1389174461364746,
        2.089859962463379,
        2.038463592529297,
        1.9914417266845703,
        1.9484715461730957,
        1.9015272855758667,
        1.8603273630142212,
        1.8145842552185059,
        1.7746585607528687,
        1.7362865209579468,
        1.695639967918396,
        1.6562813520431519,
        1.6119881868362427,
        1.5723755359649658
      ],
      "sgd_first": 2.5876059532165527,
      "text_id": 17
    },
    {
      "sgd_final": 1.6982094049453735,
      "flow": 2.7548422813415527,
      "zero": 2.757335662841797,
      "sgd_trajectory": [
        2.757335662841797,
        2.616591215133667,
        2.5150580406188965,
        2.4350833892822266,
        2.373664379119873,
        2.323233127593994,
        2.2744877338409424,
        2.226745843887329,
        2.178358316421509,
        2.1323466300964355,
        2.090207576751709,
        2.047224760055542,
        2.001814842224121,
        1.960748553276062,
        1.9202744960784912,
        1.8818659782409668,
        1.843944787979126,
        1.8056539297103882,
        1.7705261707305908,
        1.733870506286621
      ],
      "sgd_first": 2.757335662841797,
      "text_id": 18
    },
    {
      "sgd_final": 1.7571938037872314,
      "flow": 2.789947986602783,
      "zero": 2.7901933193206787,
      "sgd_trajectory": [
        2.7901933193206787,
        2.6206214427948,
        2.520704746246338,
        2.4527652263641357,
        2.398684024810791,
        2.3450381755828857,
        2.2970430850982666,
        2.248565912246704,
        2.2097291946411133,
        2.1714799404144287,
        2.1333231925964355,
        2.096851110458374,
        2.060906171798706,
        2.0233633518218994,
        1.984554409980774,
        1.9526903629302979,
        1.9163440465927124,
        1.8799656629562378,
        1.839352011680603,
        1.799060583114624
      ],
      "sgd_first": 2.7901933193206787,
      "text_id": 19
    }
  ],
  "summary": {
    "sgd_mean": 1.8194024085998535,
    "flow_mean": 2.8924607753753664,
    "zero_mean": 2.8927746772766114
  }
}